Workbook

Sheet Apartments
A1: Name | B1: Address | C1: Zip | D1: Dist. from Walker Ranch (mi) | E1: 1BR From ($/mo) | F1: 2BR From ($/mo) | G1: 3BR From ($/mo) | H1: Rent Details | I1: Rating (0-5) | J1: Rating Source | K1: Approx. Total Reviews | L1: Other Ratings / Review Notes | M1: Year Built | N1: Special (Jul 2026) | O1: Value Score | P1: Notes | Q1: Sources
A2: Walker Ranch Apartment Homes | B2: 14500 Blanco Rd | C2: 78216 | D2: 0 | E2: 917 | F2: 1297 | H2: 1BR $917-$1,459; 2BR ~$1,297 avg; overall range $831-$2,378 (3BR at top) | K2: 201 | L2: ApartmentRatings 172 reviews (mixed); Yelp 29 (mixed); BBB rating D- (51 unanswered complaints) | M2: 2006 | N2: 6 weeks free | O2: =IF(OR(I2="",E2="",E2=0),"",ROUND(I2/(E2/1000),2)) | P2: Reference property. 325 units, 3 stories; 1-3BR 627-1,273 sqft; granite, 9' ceilings, 2 pools, fitness center, garages; managed by BH (Live BH) | Q2: apartments.com/walker-ranch-apartment-homes-san-antonio-tx/fx31c1s; apartmentratings.com; yelp.com; bbb.org
A3: Charleston (fka Park at Walker's Ranch) | B3: 14555 Blanco Rd | C3: 78216 | D3: 0.1 | E3: 1075 | H3: 1BR from ~$1,075; 2BR up to ~$1,690; overall $1,173-$2,389 (rent.com); no 3BR | K3: 188 | L3: ApartmentRatings 167 reviews under old names (mixed); Yelp 21 | M3: 1995 | O3: =IF(OR(I3="",E3="",E3=0),"",ROUND(I3/(E3/1000),2)) | P3: Directly across Blanco from Walker Ranch. 300 units; 1-2BR only; 2 pools, 24-hr gym, direct-access garages, pet park; Inland Residential; traffic noise from Blanco noted; formerly Village of Deerfield / Park at Walker's Ranch | Q3: charlestonapartmenthomes.com; apartmentratings.com; yelp.com; rent.com
A4: Apex Apartments | B4: 13999 Old Blanco Rd | C4: 78216 | D4: 0.5 | E4: 675 | H4: 1BR from ~$675; townhome-style 2-3BR/2.5BA offered | L4: No numeric score surfaced; qualitative reviews: quiet, friendly staff | M4: 1997 | O4: =IF(OR(I4="",E4="",E4=0),"",ROUND(I4/(E4/1000),2)) | P4: 1-3BR, 503+ sqft; 2 resort pools, fitness center, business center, clubhouse | Q4: apexsanantonio.com; homes.com; rentcafe.com
A5: MAA Haven at Blanco | B5: 15150 Blanco Rd | C5: 78232 | D5: 0.5 | E5: 943 | F5: 1303 | G5: 1638 | H5: 1BR $943-$1,828; 2BR $1,303+; 3BR $1,638+; overall $1,038-$3,898 | I5: 4.2 | J5: ApartmentRatings | K5: 681 | L5: Yelp 37 | O5: =IF(OR(I5="",E5="",E5=0),"",ROUND(I5/(E5/1000),2)) -> 4.45 | P5: ~0.5 mi north of Walker Ranch. MAA-managed; full-size W/D in every unit, sunrooms, 2 gyms, dog park w/ wash station; some reviews cite car break-ins / broken gate | Q5: apartmentratings.com/tx/san-antonio/maa-haven-at-blanco; maac.com; rentcafe.com
A6: Landera | B6: 13400 Blanco Rd | C6: 78216 | D6: 0.9 | E6: 855 | F6: 1215 | H6: 1BR $855-$985; 2BR $1,215+; no 3BR | I6: 4.2 | J6: ForRent (44) | K6: 132 | L6: 4.0/5 iFind (88); ApartmentRatings 52; Yelp 13; BBB B- | M6: 1983 | O6: =IF(OR(I6="",E6="",E6=0),"",ROUND(I6/(E6/1000),2)) -> 4.91 | P6: 184 units; consistently praised office/maintenance staff and mature trees/grounds | Q6: forrent.com/tx/san-antonio/landera; apartmentratings.com; yelp.com
A7: Seville | B7: 13330 Blanco Rd | C7: 78216 | D7: 1 | E7: 799 | F7: 1400 | H7: 1BR $799-$1,049; 2BR $1,400-$1,700; no 3BR | I7: 3.1 | J7: ApartmentRatings | K7: 141 | L7: Yelp 10; AR staff/maintenance sub-scores 1/5 | M7: 1982 | O7: =IF(OR(I7="",E7="",E7=0),"",ROUND(I7/(E7/1000),2)) -> 3.88 | P7: 200 units, 8 floor plans; W/D connections, fireplaces, gated, pools, tennis, dog park; large units for the money but slow maintenance; airport noise | Q7: apartmentratings.com/tx/san-antonio/seville-apartments; yelp.com; homes.com
A8: SKY at Salado Creek | B8: 13030 Blanco Rd | C8: 78216 | D8: 1.2 | E8: 769 | F8: 1075 | H8: 1BR $769-$775; 2BR $1,075-$1,325; no 3BR | K8: 16 | L8: Facebook 86% recommend (16); ~13% below metro avg price | M8: 1984 | O8: =IF(OR(I8="",E8="",E8=0),"",ROUND(I8/(E8/1000),2)) | P8: 212 units, 550-960 sqft; gated, pool, gym, dog park | Q8: skyatsaladocreek.com; rent.com; apartmentfinder.com
A9: Hayden on West | B9: 13515 West Ave | C9: 78216 | D9: 1.3 | E9: 1044 | F9: 1303 | G9: 1608 | H9: 1BR $1,044-$1,153; 2BR $1,303-$1,359; 3BR $1,608-$1,657 | I9: 4.2 | J9: ApartmentRatings (484 votes) | K9: 298 | L9: epIQ grade A+; staff sub-score 4.9, safety 4.6 | M9: 1994 | O9: =IF(OR(I9="",E9="",E9=0),"",ROUND(I9/(E9/1000),2)) -> 4.02 | P9: 664-1,269 sqft; strong reviews for staff, maintenance, quiet grounds; one of the best-reviewed in the area | Q9: haydenonwest.com; apartmentratings.com/tx/san-antonio/hayden-on-west; apartmentlist.com
A10: Villas of Vista Del Norte | B10: 13000 Vista Del Norte | C10: 78216 | D10: 1.4 | E10: 940 | H10: 1BR from ~$940; 3BR up to ~$1,647 | I10: 4.6 | J10: Birdeye (aggregates Google) | K10: 203 | L10: ApartmentRatings 100; Yelp 50 (mixed) | M10: 2006 | O10: =IF(OR(I10="",E10="",E10=0),"",ROUND(I10/(E10/1000),2)) -> 4.89 | P10: 348 units, 550-1,306 sqft; 3-level infinity pool, indoor basketball/volleyball, in-unit W/D, granite; complaints: parking, rent increases; airport flight-path noise | Q10: apartmentratings.com; reviews.birdeye.com; yelp.com
A11: 5 Fifty Apartments | B11: 550 Heimer Rd | C11: 78232 | D11: 1.5 | E11: 850 | F11: 1235 | H11: 1BR $850-$1,030; 2BR $1,235-$1,350; no 3BR | L11: No ratings surfaced | M11: 1985 | O11: =IF(OR(I11="",E11="",E11=0),"",ROUND(I11/(E11/1000),2)) | P11: 204 units, 518-884 sqft; Bitters/Heimer area, NEISD schools | Q11: apartments.com/5-fifty-apartments; apartmentfinder.com
A12: Ironridge at Hill Country Village | B12: 15083 San Pedro Ave (US-281 N) | C12: 78232 | D12: 1.5 | E12: 1579 | F12: 1675 | G12: 1982 | H12: 1BR $1,579+; 2BR $1,675+; 3BR $1,982+ | I12: 4.7 | J12: ApartmentRatings | K12: 168 | L12: 340 rating votes on AR; Yelp 14 | O12: =IF(OR(I12="",E12="",E12=0),"",ROUND(I12/(E12/1000),2)) -> 2.98 | P12: Newer luxury community; townhomes with attached garages; gated; 281 corridor | Q12: ironridgeapartments.com; apartmentratings.com; rentcafe.com
A13: La Calera Apartments | B13: 403 Heimer Rd | C13: 78232 | D13: 1.5 | E13: 875 | H13: 1BR $875-$899; 2BR up to ~$1,249; no 3BR | K13: 31 | L13: ApartmentRatings 31 reviews (score not surfaced) | O13: =IF(OR(I13="",E13="",E13=0),"",ROUND(I13/(E13/1000),2)) | P13: 517-905 sqft; Bitters/Heimer area | Q13: apartments.com; apartmentratings.com; redfin.com
A14: Summit at Salado Creek | B14: 12727 Vista Del Norte | C14: 78216 | D14: 1.5 | E14: 809 | F14: 1154 | G14: 1564 | H14: 1BR $809-$899; 2BR $1,154-$1,200; 3BR $1,564-$2,192 | I14: 3.8 | J14: ApartmentRatings | K14: 203 | L14: Birdeye 4.7 (81-191); Yelp 24 | M14: 1997 | N14: 1 month free | O14: =IF(OR(I14="",E14="",E14=0),"",ROUND(I14/(E14/1000),2)) -> 4.7 | P14: 352 units, 685-1,287 sqft; Greystar; near Salado Creek Greenway; clubhouse, 24-hr gym, sauna, resort pool; complaints: roaches, parking, fees; formerly Salado Springs | Q14: apartmentratings.com/tx/san-antonio/summit-at-salado-creek; yelp.com
A15: Vista Crossing | B15: 1110 Vista Valet | C15: 78216 | D15: 1.5 | E15: 770 | F15: 1278 | H15: 1BR $770-$847; 2BR $1,278-$1,509; no 3BR | K15: 78 | L15: ApartmentRatings 78 reviews (score not surfaced) | M15: 1985 | O15: =IF(OR(I15="",E15="",E15=0),"",ROUND(I15/(E15/1000),2)) | P15: 232 units; hot tub, dog park, 2-story clubhouse | Q15: apartmentratings.com; rentcafe.com; apartmentfinder.com
A16: Blair at Bitters | B16: 400 W Bitters Rd | C16: 78216 | D16: 1.6 | E16: 827 | F16: 1146 | H16: 1BR $827-$913 (one source $1,139-$1,330); 2BR $1,146-$1,640; no 3BR | I16: 3.4 | J16: ApartmentRatings | K16: 78 | L16: AR maintenance/safety sub-scores low (1/5 staff & maintenance) | M16: 1986 | N16: $500 off | O16: =IF(OR(I16="",E16="",E16=0),"",ROUND(I16/(E16/1000),2)) -> 4.11 | P16: 190 units; garden-style; stone facades, black appliances, plank floors; 2 pools, fitness center; formerly Bitterwood Ranch | Q16: apartmentratings.com; apartmentlist.com; umovefree.com
A17: The Broadwater at Salado Creek | B17: 12626 Blanco Rd | C17: 78216 | D17: 1.7 | E17: 870 | H17: 1BR $870-$919; 2BR up to $1,449; no 3BR | I17: 3.9 | J17: ApartmentGuide | K17: 2 | L17: Only 2 reviews - low confidence | M17: 1982 | O17: =IF(OR(I17="",E17="",E17=0),"",ROUND(I17/(E17/1000),2)) -> 4.48 | P17: 175 units; in-unit laundry, fireplaces, sports courts | Q17: apartmentguide.com; apartmentfinder.com; rentcafe.com
A18: Cortland Walker Ranch | B18: 12803 West Ave | C18: 78216 | D18: 1.8 | E18: 1060 | F18: 1558 | G18: 2525 | H18: 1BR $1,060-$1,125; 2BR $1,558-$1,699; 3BR $2,525+ (premium units to ~$7,000) | I18: 4.7 | J18: Google | K18: 566 | L18: ApartmentRatings 120 (grounds 4.6, staff 4.7, neighborhood 4.5) - best-rated large community in the set | O18: =IF(OR(I18="",E18="",E18=0),"",ROUND(I18/(E18/1000),2)) -> 4.43 | P18: Adjacent to Walker Ranch Park trails; resort pool, bark park, granite/stainless; pet limit 2 / 80 lb; NEISD schools | Q18: cortland.com/apartments/cortland-walker-ranch; apartmentratings.com; apartments.com
A19: Indian Hollow | B19: 12701 West Ave | C19: 78216 | D19: 1.9 | E19: 965 | F19: 1310 | G19: 1835 | H19: 1BR $965-$1,140; 2BR $1,310-$1,395; 3BR $1,835-$2,000 | I19: 3.8 | J19: Birdeye (aggregates Google) | K19: 76 | L19: ApartmentRatings 153; Yelp 22 | O19: =IF(OR(I19="",E19="",E19=0),"",ROUND(I19/(E19/1000),2)) -> 3.94 | P19: Well-maintained grounds; strict management (late-fee complaints); some pest complaints, others praise management | Q19: apartmentratings.com; reviews.birdeye.com; apartments.com
A20: Camino Real San Antonio | B20: 12222 Blanco Rd | C20: 78216 | D20: 2 | E20: 633 | H20: 1BR $633-$900+; 2BR up to ~$1,380; 3BR up to ~$1,283 (source conflict) | K20: 23 | L20: ApartmentRatings 21; Yelp 2; reviews cite break-ins, pests, safety concerns | O20: =IF(OR(I20="",E20="",E20=0),"",ROUND(I20/(E20/1000),2)) | P20: Gated, pool, gym, tennis; 1-3BR; caution flags in reviews | Q20: apartmentratings.com; yelp.com; apartments.com
A21: Escalante | B21: 1540 W Bitters Rd | C21: 78248 | D21: 2 | E21: 971 | F21: 1418 | G21: 1999 | H21: 1BR $971-$972; 2BR $1,418+; 3BR $1,999-$2,674 | I21: 3.9 | J21: Birdeye (aggregates Google) | K21: 200 | L21: ApartmentRatings ~3.0 (64); 94% recommend (15/16); Yelp 25; slow maintenance per reviews | O21: =IF(OR(I21="",E21="",E21=0),"",ROUND(I21/(E21/1000),2)) -> 4.02 | P21: 665-1,313 sqft; near Hardberger Park / Loop 1604 | Q21: apartmentratings.com; forrent.com; reviews.birdeye.com
A22: Harper at the Park | B22: 950 E Bitters Rd | C22: 78216 | D22: 2 | E22: 685 | F22: 1025 | H22: 1BR $685-$815; 2BR $1,025-$1,334; no 3BR | I22: 3.3 | J22: ApartmentRatings | K22: 149 | L22: Zumper expert score 9.6/10 | M22: 1979 | O22: =IF(OR(I22="",E22="",E22=0),"",ROUND(I22/(E22/1000),2)) -> 4.82 | P22: 221 units; 2 pools, cardio center, dog park; budget-friendly; recent management change noted | Q22: apartmentratings.com; zumper.com; umovefree.com
A23: Moss Landing (fka Residences on Blanco) | B23: 12301 Blanco Rd | C23: 78216 | D23: 2 | E23: 499 | H23: 1BR from ~$499 (small units 475-905 sqft) | I23: 2.7 | J23: ApartmentRatings | K23: 85 | L23: ForRent 3.7; Birdeye 277 reviews; widespread dissatisfaction / deferred maintenance in reviews | M23: 1979 | O23: =IF(OR(I23="",E23="",E23=0),"",ROUND(I23/(E23/1000),2)) -> 5.41 | P23: 296 units; cheapest option found (~34% below area average); budget trade-offs are significant | Q23: apartments.com/moss-landing; apartmentratings.com; forrent.com
A24: Talavera Apartments | B24: 107 Talavera Pkwy | C24: 78232 | D24: 2 | E24: 1017 | H24: 1BR $1,017-$1,531 | L24: No ratings surfaced | O24: =IF(OR(I24="",E24="",E24=0),"",ROUND(I24/(E24/1000),2)) | P24: Near US-281/Bitters | Q24: apartments.com
A25: The WerX (fka The Elements) | B25: 12221 Blanco Rd | C25: 78216 | D25: 2 | E25: 725 | H25: 1BR $725-$950; overall range up to $1,375 (3BR top) | I25: 3.1 | J25: ApartmentRatings (as The Elements) | K25: 317 | L25: Historical complaints: roaches, water shutoffs; renovated units since | M25: 1975 | O25: =IF(OR(I25="",E25="",E25=0),"",ROUND(I25/(E25/1000),2)) -> 4.28 | P25: 280 units, 2 stories; pool, gym, courtesy patrol; budget option | Q25: apartments.com/the-werx; apartmentratings.com; umovefree.com
A26: Aria Apartment Homes | B26: 16585 Blanco Rd | C26: 78232 | D26: 2.3 | E26: 1175 | H26: 1BR ~$1,175+; 2BR up to ~$1,585; no 3BR | K26: 50 | L26: ApartmentRatings 50 reviews (mixed); complaints: maintenance, noise, parking | O26: =IF(OR(I26="",E26="",E26=0),"",ROUND(I26/(E26/1000),2)) | P26: 670-1,206 sqft; ~2.3 mi north on Blanco | Q26: apartmentratings.com/tx/san-antonio/aria-apartment-homes
A27: Astra (fka Park West) | B27: 11845 West Ave | C27: 78216 | D27: 2.5 | E27: 665 | F27: 895 | H27: Studio from $605; 1BR $665-$695; 2BR $895-$1,065; no 3BR | L27: No numeric ratings surfaced | M27: 1979 | N27: 1 month free | O27: =IF(OR(I27="",E27="",E27=0),"",ROUND(I27/(E27/1000),2)) | P27: 413-905 sqft; partially renovated units; ~39% below citywide average; near Loop 410 | Q27: apartments.com/astra; trulia.com; rentable.co
A28: Platinum Shavano Oaks | B28: 14811 Huebner Rd | C28: 78231 | D28: 2.5 | E28: 1016 | F28: 1690 | G28: 2045 | H28: 1BR $1,016-$1,332; 2BR $1,690+; 3BR $2,045+ | I28: 3.8 | J28: Birdeye (aggregates Google) | K28: 272 | L28: Zumper expert 9.6/10; Yelp 47; ApartmentRatings 26 | M28: 2013 | O28: =IF(OR(I28="",E28="",E28=0),"",ROUND(I28/(E28/1000),2)) -> 3.74 | P28: 348 units; studio-3BR luxury; newest construction in the set | Q28: reviews.birdeye.com; zumper.com; apartmentratings.com
A29: Stoneleigh Apartments | B29: 2626 Thousand Oaks Dr | C29: 78232 | D29: 2.5 | E29: 810 | F29: 1075 | H29: 1BR $810-$880; 2BR $1,075-$1,195; some sources list 3BR $1,495+ | L29: No ratings surfaced | M29: 1985 | O29: =IF(OR(I29="",E29="",E29=0),"",ROUND(I29/(E29/1000),2)) | P29: 200 units; wood-burning fireplaces, pet wash | Q29: apartmentfinder.com; homes.com; har.com
A30: Remington Ranch | B30: 12511 Jones Maltsberger Rd | C30: 78247 | D30: 2.8 | E30: 990 | H30: 1BR from ~$990 | L30: No ratings surfaced | M30: 2007 | O30: =IF(OR(I30="",E30="",E30=0),"",ROUND(I30/(E30/1000),2)) | P30: 180 units, 630-1,157 sqft; lit pool, outdoor fireplace lounge, package lockers; Arboretum area | Q30: apartments.com/remington-ranch; zumper.com
A31: Sunset Canyon | B31: 2170 Thousand Oaks Dr | C31: 78232 | D31: 2.8 | E31: 683 | H31: Studio from $625; 1BR $683+; 2BR up to $1,291; no 3BR | I31: 2.5 | J31: ApartmentRatings | K31: 109 | L31: AR staff & grounds sub-scores 5/5 despite low overall; Yelp 26 | N31: 1 month free | O31: =IF(OR(I31="",E31="",E31=0),"",ROUND(I31/(E31/1000),2)) -> 3.66 | P31: 480-970 sqft; CLEAR Property Mgmt; among cheapest in the set | Q31: apartmentratings.com; rentcafe.com; yelp.com
A32: Alon at Castle Hills | B32: 1835 Lockhill Selma Rd | C32: 78213 | D32: 3 | E32: 849 | F32: 1230 | H32: 1BR $849-$905; 2BR $1,230+; no 3BR | K32: 21 | L32: Yelp 21 (score not surfaced) | O32: =IF(OR(I32="",E32="",E32=0),"",ROUND(I32/(E32/1000),2)) | P32: 535-1,065 sqft; resort pool, movie theater, clubhouse; Castle Hills area, edge of radius | Q32: apartments.com; yelp.com
A33: Ashley Oaks | B33: 16400 Henderson Pass | C33: 78232 | D33: 3 | E33: 740 | H33: 1BR $740-$780; 3BR up to $2,235 | I33: 2.5 | J33: ApartmentRatings | K33: 143 | L33: ForRent 4.0 (50); Birdeye 400 reviews | O33: =IF(OR(I33="",E33="",E33=0),"",ROUND(I33/(E33/1000),2)) -> 3.38 | P33: 1-3BR; Thousand Oaks neighborhood; edge of 3-mile radius | Q33: apartmentratings.com; forrent.com; reviews.birdeye.com
A34: Canyon Oaks | B34: 16500 Henderson Pass | C34: 78232 | D34: 3 | E34: 1006 | H34: 1BR $1,006-$1,502; 2BR up to $1,497; listed range $1,000-$2,276 | I34: 2.8 | J34: ApartmentRatings | K34: 95 | L34: Yelp 21 | M34: 1983 | O34: =IF(OR(I34="",E34="",E34=0),"",ROUND(I34/(E34/1000),2)) -> 2.78 | P34: 720-1,075 sqft; some units w/ 2.5 baths; edge of radius | Q34: apartmentratings.com; apartments.com
A35: Canyon Point | B35: 16550 Henderson Pass | C35: 78232 | D35: 3 | E35: 762 | F35: 930 | H35: 1BR $762-$955; 2BR $930-$1,480; no 3BR | K35: 107 | L35: ApartmentRatings 88 (score not surfaced); Yelp 19; complaints: AC, package theft | N35: 6 weeks free | O35: =IF(OR(I35="",E35="",E35=0),"",ROUND(I35/(E35/1000),2)) | P35: Hill-country setting; edge of radius | Q35: apartmentratings.com; forrent.com; yelp.com
A36: Royal Palms | B36: 16100 Henderson Pass | C36: 78232 | D36: 3 | E36: 899 | H36: 1BR $899-$1,025 | L36: No ratings surfaced | O36: =IF(OR(I36="",E36="",E36=0),"",ROUND(I36/(E36/1000),2)) | P36: Edge of radius | Q36: apartments.com
A37: Summit at Henderson Pass | B37: 16465 Henderson Pass | C37: 78232 | D37: 3 | E37: 678 | H37: 1BR $678-$758; 2BR up to $1,047-$1,207; no 3BR | K37: 102 | L37: ApartmentRatings 102 reviews (mixed, score not surfaced) | N37: 6 weeks free | O37: =IF(OR(I37="",E37="",E37=0),"",ROUND(I37/(E37/1000),2)) | P37: Renovated 1-2BR, 550-927 sqft; gated, 2 pools; formerly Villas of Henderson Pass; edge of radius | Q37: apartments.com; apartmentratings.com; rentcafe.com

Sheet Read Me
A1: Apartments near Walker Ranch - San Antonio, TX
A3: Purpose | B3: Comparison of apartment communities within ~3 miles of the Walker Ranch area (14500 Blanco Rd, San Antonio, TX 78216 - Blanco Rd / West Ave corridor, North Central San Antonio). Use the filter arrows on the Apartments sheet to sort by price, rating, or Value Score.
A4: Data collected | B4: 2026-07-21, from web listings: Apartments.com, ApartmentRatings, ApartmentList, Rent.com, RentCafe, Zumper, ForRent, ApartmentFinder, Yelp, Birdeye (Google review aggregate), Facebook, and property websites.
A6: Column legend
A7: 1BR/2BR/3BR From ($/mo) | B7: Lowest ADVERTISED starting rent found for that bedroom count. Blank = not found or not offered (see Rent Details). Advertised rents change weekly and differ between listing sites by $100-$300.
A8: Rent Details | B8: Full ranges found, source conflicts, and whether a bedroom size is offered at all.
A9: Rating (0-5) | B9: Primary review score, from the source in the next column. Blank = no numeric score surfaced (review counts may still exist - see Other Ratings).
A10: Approx. Total Reviews | B10: Approximate combined review count across sources - use to judge how much to trust the rating.
A11: Value Score | B11: Formula: rating divided by (1BR starting rent / $1,000). Higher = better reviews per dollar. Only computed where both a rating and a 1BR price exist. A rough screening aid, not a verdict.
A12: Special (Jul 2026) | B12: Move-in concession advertised at collection time. These lower the effective rent materially (e.g., 6 weeks free on a 12-mo lease is ~11% off).
A14: Caveats
A15: Advertised vs. actual | B15: All rents are advertised 'starting at' prices from listing-site snapshots as of July 2026, not quotes. Several properties run concessions that make net effective rent lower than face rent.
A16: Ratings sources vary | B16: Google star ratings could only be confirmed for some properties; most scores are ApartmentRatings, Birdeye (aggregates Google), ForRent, or Yelp. Scores for the same property differ across platforms - check Other Ratings column.
A17: Recent renames | B17: Several properties recently rebranded; older reviews sit under the old name and may not reflect current management: Charleston = Park at Walker's Ranch; Moss Landing = Residences on Blanco; The WerX = The Elements; Astra = Park West; Summit at Salado Creek = Salado Springs; Summit at Henderson Pass = Villas of Henderson Pass; Blair at Bitters = Bitterwood Ranch.
A18: Distances | B18: Straight-line/road estimates from 14500 Blanco Rd, not measured driving distances. Henderson Pass / Castle Hills rows sit at the ~3-mile edge.
A19: Verify before touring | B19: Call properties for current pricing and read recent reviews directly - this sheet is a screening tool assembled from public web data.
A21: Quick stats (live formulas)
A22: Communities listed | B22: =COUNTA(Apartments!A2:A37) -> 36
A23: Cheapest 1BR from | B23: =MIN(Apartments!E2:E37) -> 499
A24: Most expensive 1BR from | B24: =MAX(Apartments!E2:E37) -> 1579
A25: Average 1BR from | B25: =ROUND(AVERAGE(Apartments!E2:E37),0) -> 873
A26: Highest rating | B26: =MAX(Apartments!I2:I37) -> 4.7
A27: Average rating (rated only) | B27: =ROUND(AVERAGE(Apartments!I2:I37),2) -> 3.64
